Név;Irányítószám;Életkor;E-mail cím;TAJ-szám
Daryl Chasier;2011;86;dchasier0@comcast.net;123456782
Sunny Stanlake;2000;86;sstanlake1@etsy.com;883007002
Kristofor Brigginshaw;2000;75;kbrigginshaw2@patch.com;167702360
Wallie Corss;2009;72;wcorssr8@amazon.com;544840560
Shaylynn Tousey;2009;64;stouseyr9@51.la;405404586
Amble Gabbot;2011;71;agabbotra@dyndns.org;503512237
Wallie Corss;2009;73;fmargettsrb@last.fm;118345202
Giulia Terzi;2013;36;gterzirc@japanpost.jp;673736842
Lita Wedlake;2014;75;lwedlakerd@oracle.com;553323074
Malanie Calam;2013;79;mcalamre@so-net.ne.jp;858556584
Kaela Lennie;2014;43;klennierf@redcross.org;262200277